[
{"year": "1999",  "suppression": 26.4,   "fuel": 9.4},
{"year": "2000",  "suppression": 18.8,   "fuel": 7.4},
{"year": "2001",  "suppression": 18.0,   "fuel": 15.2},
{"year": "2002",  "suppression": 18.6,   "fuel": 19.2},
{"year": "2003",  "suppression": 19.2,   "fuel": 14.0},
{"year": "2004",  "suppression": 25.6,   "fuel": 14.3},
{"year": "2005",  "suppression": 30.7,   "fuel": 17.5},
{"year": "2006",  "suppression": 35.8,   "fuel": 19.0},
{"year": "2007",  "suppression": 34.0,   "fuel": 17.2},
{"year": "2008",  "suppression": 27.2,   "fuel": 14.8},
{"year": "2009",  "suppression": 39.6,   "fuel": 23.6},
{"year": "2010",  "suppression": 40.1,   "fuel": 16.0},
{"year": "2011",  "suppression": 52.0,   "fuel": 19.7},
{"year": "2012",  "suppression": 26.5,   "fuel": 18.8},
{"year": "2013",  "suppression": 46.1,   "fuel": 13.0},
{"year": "2014",  "suppression": 50.8,   "fuel": 11.5},
{"year": "2015",  "suppression": 39.5,   "fuel": 14.9},
{"year": "2016",  "suppression": 57.2,   "fuel": 11.1},
{"year": "2017",  "suppression": 49.0,   "fuel": 13.6},
{"year": "2018",  "suppression": 51.2,   "fuel": 12.5},
{"year": "2019",  "suppression": 52.9,   "fuel": 12.5},
{"year": "2020",  "suppression": 59.8,   "fuel": 10.5}
]