[
{"Year": "1999",   "Total": 1050300000},
{"Year": "2000",   "Total": 1585600000},
{"Year": "2001",   "Total": 2631500000},
{"Year": "2002",   "Total": 2056300000},
{"Year": "2003",   "Total": 3007600000},
{"Year": "2004",   "Total": 3086800000},
{"Year": "2005",   "Total": 2827500000},
{"Year": "2006",   "Total": 2569000000},
{"Year": "2007",   "Total": 2915900000},
{"Year": "2008",   "Total": 4177500000},
{"Year": "2009",   "Total": 3358800000},
{"Year": "2010",   "Total": 3442600000},
{"Year": "2011",   "Total": 2682400000},
{"Year": "2012",   "Total": 2662900000},
{"Year": "2013",   "Total": 3374400000},
{"Year": "2014",   "Total": 3938800000},
{"Year": "2015",   "Total": 3533100000},
{"Year": "2016",   "Total": 4903100000},
{"Year": "2017",   "Total": 4183100000},
{"Year": "2018",   "Total": 4930900000},
{"Year": "2019",   "Total": 5241300000},
{"Year": "2020",   "Total": 6105300000}
]